<?xml version="1.0" encoding="UTF-8"?>
<CompileSettings>
    <ProjectSettings>
        <Content Scope="Included">
            <Filter State="Off" Exclude="No" Type="Label">
                <Label>-1</Label>
                <Status>-1</Status>
            </Filter>
        </Content>
        <Options>
            <RemoveComments>Yes</RemoveComments>
            <RemoveAnnotations>Yes</RemoveAnnotations>
            <ResampleImages DPI="72">No</ResampleImages>
            <ConvertTablesAndListToMMD>Yes</ConvertTablesAndListToMMD>
            <PDF>
                <Cover Bleed="9.0" BleedUnits="pt"/>
                <Compression Enabled="No">
                    <ImageResolutionCompressionType>Set</ImageResolutionCompressionType>
                    <ImageResolution>150</ImageResolution>
                    <CompressionQuality>0.5</CompressionQuality>
                </Compression>
            </PDF>
            <Scriptwriting>
                <IncludeTitles>Yes</IncludeTitles>
                <IncludeSynopses>Yes</IncludeSynopses>
                <CommentsAsScriptNotes>Yes</CommentsAsScriptNotes>
            </Scriptwriting>
            <Ebook>
                <StartAfterFrontMatter>Yes</StartAfterFrontMatter>
                <Cover>
                    <ImageDocument Source="FrontMatter"/>
                    <Title>Cover</Title>
                    <SVG Width="600" Height="800"><![CDATA[]]></SVG>
                </Cover>
                <TOC PandocDepth="3">
                    <HTML Generate="Yes">
                        <Title>Contents</Title>
                    </HTML>
                </TOC>
            </Ebook>
        </Options>
        <MetaData>
            <ProjectTitle>Comic 1st try - OG</ProjectTitle>
            <ProjectAbbreviatedTitle>Comic 1st try - OG</ProjectAbbreviatedTitle>
            <Authors>
                <Author Role="aut"></Author>
            </Authors>
            <EbookLanguage>en</EbookLanguage>
            <FountainTitlePageMetaData>
                <Value Key="Title"><![CDATA[<$projecttitle>]]></Value>
                <Value Key="Author"><![CDATA[<$author>]]></Value>
            </FountainTitlePageMetaData>
            <MMDMetaData>
                <Value Key="Title"><![CDATA[<$projecttitle>]]></Value>
                <Value Key="Author"><![CDATA[<$author>]]></Value>
            </MMDMetaData>
        </MetaData>
    </ProjectSettings>
    <CurrentFileType>Print</CurrentFileType>
    <FormatSettings/>
    <LastUsedFormats/>
</CompileSettings>