<?xml version="1.0" encoding="UTF-8"?>
<Styles>
    <Style Name="Title" ID="8F14A27F-69CD-4714-A2C1-8C6303C48CC9" Type="Para+Char" FontChange="Size">
        <Format><![CDATA[{\rtf1\ansi\ansicpg1252\cocoartf2761
\cocoatextscaling0\cocoaplatform0{\fonttbl\f0\froman\fcharset0 Palatino-Roman;}
{\colortbl;\red255\green255\blue255;}
{\*\expandedcolortbl;;}
\pard\tx560\tx1120\tx1680\tx2240\tx2800\tx3360\tx3920\tx4480\tx5040\tx5600\tx6160\tx6720\sl264\slmult1\sb260\pardirnatural\partightenfactor0

\f0\fs56 \cf0 <$ScrKeepWithNext>Attributes}]]></Format>
    </Style>
    <Style Name="Heading 1" ID="00170F88-6400-429D-B429-9B4EC36E0744" Type="Para+Char" FontChange="Size" Shortcut="4">
        <Format><![CDATA[{\rtf1\ansi\ansicpg1252\cocoartf2761
\cocoatextscaling0\cocoaplatform0{\fonttbl\f0\fswiss\fcharset0 Helvetica;\f1\froman\fcharset0 Palatino-Bold;}
{\colortbl;\red255\green255\blue255;}
{\*\expandedcolortbl;;}
\pard\tx560\tx1120\tx1680\tx2240\tx2800\tx3360\tx3920\tx4480\tx5040\tx5600\tx6160\tx6720\sl264\slmult1\sb260\pardirnatural\partightenfactor0

\f0\fs24 \cf0 <$ScrKeepWithNext><$Scr_H::1>
\f1\b\fs36 Attributes
\f0\b0\fs24 <!$Scr_H::1>}]]></Format>
    </Style>
    <Style Name="Heading 2" ID="4B1D89C3-1C7B-430D-B2AE-A1F42C4AEBAD" Type="Para+Char" FontChange="Size" Shortcut="5">
        <Format><![CDATA[{\rtf1\ansi\ansicpg1252\cocoartf2761
\cocoatextscaling0\cocoaplatform0{\fonttbl\f0\fswiss\fcharset0 Helvetica;\f1\froman\fcharset0 Palatino-Bold;}
{\colortbl;\red255\green255\blue255;}
{\*\expandedcolortbl;;}
\pard\tx560\tx1120\tx1680\tx2240\tx2800\tx3360\tx3920\tx4480\tx5040\tx5600\tx6160\tx6720\sl264\slmult1\sb260\pardirnatural\partightenfactor0

\f0\fs24 \cf0 <$ScrKeepWithNext><$Scr_H::2>
\f1\b\fs26 Attributes
\f0\b0\fs24 <!$Scr_H::2>}]]></Format>
    </Style>
    <Style Name="Centered Text" ID="DED4982C-0B2C-46DD-8881-3960CFFCA731" Type="Para" Shortcut="1">
        <Format><![CDATA[{\rtf1\ansi\ansicpg1252\cocoartf2761
\cocoatextscaling0\cocoaplatform0{\fonttbl\f0\froman\fcharset0 Palatino-Roman;}
{\colortbl;\red255\green255\blue255;}
{\*\expandedcolortbl;;}
\pard\tx360\tx720\tx1080\tx1440\tx1800\tx2160\tx2880\tx3600\tx4320\sl264\slmult1\pardirnatural\qc\partightenfactor0

\f0\fs26 \cf0 Attributes}]]></Format>
    </Style>
    <Style Name="Block Quote" ID="1C7E5A5B-ACC2-44F1-B9E3-3DBD1FDC7914" Type="Para" FontChange="Size" Shortcut="2">
        <Format><![CDATA[{\rtf1\ansi\ansicpg1252\cocoartf2761
\cocoatextscaling0\cocoaplatform0{\fonttbl\f0\froman\fcharset0 Palatino-Roman;}
{\colortbl;\red255\green255\blue255;}
{\*\expandedcolortbl;;}
\pard\tx720\tx1080\tx1440\li720\sl264\slmult1\sb240\sa240\pardirnatural\partightenfactor0

\f0\fs24 \cf0 Attributes}]]></Format>
    </Style>
    <Style Name="Attribution" ID="FC29D882-9AC7-4D1E-89F0-388E2E9DF416" Type="Para" FontChange="Size" Shortcut="">
        <Format><![CDATA[{\rtf1\ansi\ansicpg1252\cocoartf2761
\cocoatextscaling0\cocoaplatform0{\fonttbl\f0\froman\fcharset0 Palatino-Roman;}
{\colortbl;\red255\green255\blue255;}
{\*\expandedcolortbl;;}
\pard\tx720\tx1080\tx1440\li720\sl264\slmult1\sa240\pardirnatural\qr\partightenfactor0

\f0\fs24 \cf0 Attributes}]]></Format>
    </Style>
    <Style Name="Code Block" ID="2F59ABD9-420D-475D-9104-CD61607ED95F" Type="Para+Char" FontChange="Face+Size" Next="2F59ABD9-420D-475D-9104-CD61607ED95F">
        <Format><![CDATA[{\rtf1\ansi\ansicpg1252\cocoartf2761
\cocoatextscaling0\cocoaplatform0{\fonttbl\f0\fnil\fcharset0 Menlo-Regular;}
{\colortbl;\red255\green255\blue255;}
{\*\expandedcolortbl;;}
\pard\tx720\tx1080\tx1440\tx1800\tx2160\li720\pardirnatural\partightenfactor0

\f0\fs22 \cf0 Attributes}]]></Format>
    </Style>
    <Style Name="Verse" ID="2199B54C-136E-44A7-8A48-15E254433557" Type="Para" FontChange="Size" Next="2199B54C-136E-44A7-8A48-15E254433557">
        <Format><![CDATA[{\rtf1\ansi\ansicpg1252\cocoartf2761
\cocoatextscaling0\cocoaplatform0{\fonttbl\f0\froman\fcharset0 Palatino-Roman;}
{\colortbl;\red255\green255\blue255;}
{\*\expandedcolortbl;;}
\pard\sl264\slmult1\pardirnatural\qc\partightenfactor0

\f0\fs24 \cf0 Attributes}]]></Format>
    </Style>
    <Style Name="Code Span" ID="1885A81A-B059-4C89-87F5-446BEEDC708F" Type="Char" FontChange="Face+Size">
        <Format><![CDATA[{\rtf1\ansi\ansicpg1252\cocoartf2761
\cocoatextscaling0\cocoaplatform0{\fonttbl\f0\fnil\fcharset0 Menlo-Regular;}
{\colortbl;\red255\green255\blue255;}
{\*\expandedcolortbl;;}
\pard\tx720\tx1080\tx1440\tx1800\tx2160\li720\pardirnatural\partightenfactor0

\f0\fs22 \cf0 Attributes}]]></Format>
    </Style>
    <Style Name="Caption" ID="23125BDF-1E78-4A8A-B52E-4B0D1EF56A84" Type="Para" FontChange="Size" Shortcut="3">
        <Format><![CDATA[{\rtf1\ansi\ansicpg1252\cocoartf2761
\cocoatextscaling0\cocoaplatform0{\fonttbl\f0\froman\fcharset0 Palatino-Roman;}
{\colortbl;\red255\green255\blue255;}
{\*\expandedcolortbl;;}
\pard\tx560\tx1120\tx1680\tx2240\tx2800\tx3360\tx3920\tx4480\tx5040\tx5600\tx6160\tx6720\sl264\slmult1\sa160\pardirnatural\qc\partightenfactor0

\f0\fs26 \cf0 Attributes}]]></Format>
    </Style>
    <Style Name="Emphasis" ID="735EB3BD-A909-4D48-9DB0-06224803331F" Type="Char">
        <Format><![CDATA[{\rtf1\ansi\ansicpg1252\cocoartf2761
\cocoatextscaling0\cocoaplatform0{\fonttbl\f0\froman\fcharset0 Palatino-Italic;}
{\colortbl;\red255\green255\blue255;}
{\*\expandedcolortbl;;}
\pard\tx360\tx720\tx1080\tx1440\tx1800\tx2160\tx2880\tx3600\tx4320\fi360\sl264\slmult1\pardirnatural\partightenfactor0

\f0\i\fs26 \cf0 Attributes}]]></Format>
    </Style>
</Styles>